Year,Management,Site,plant,branch,galls
2024,INT,INT_1,1,1,1
2024,INT,INT_1,1,2,1
2024,INT,INT_1,1,3,0
2024,INT,INT_1,1,4,0
2024,INT,INT_1,1,5,0
2024,INT,INT_1,2,1,1
2024,INT,INT_1,2,2,1
2024,INT,INT_1,2,3,1
2024,INT,INT_1,2,4,0
2024,INT,INT_1,2,5,0
2024,INT,INT_1,3,1,1
2024,INT,INT_1,3,2,1
2024,INT,INT_1,3,3,1
2024,INT,INT_1,3,4,2
2024,INT,INT_1,3,5,0
2024,INT,INT_1,4,1,0
2024,INT,INT_1,4,2,0
2024,INT,INT_1,4,3,0
2024,INT,INT_1,4,4,1
2024,INT,INT_1,4,5,1
2024,INT,INT_1,5,1,6
2024,INT,INT_1,5,2,3
2024,INT,INT_1,5,3,1
2024,INT,INT_1,5,4,1
2024,INT,INT_1,5,5,1
2024,INT,INT_1,6,1,0
2024,INT,INT_1,6,2,0
2024,INT,INT_1,6,3,0
2024,INT,INT_1,6,4,1
2024,INT,INT_1,6,5,1
2024,INT,INT_1,7,1,1
2024,INT,INT_1,7,2,1
2024,INT,INT_1,7,3,1
2024,INT,INT_1,7,4,0
2024,INT,INT_1,7,5,0
2024,INT,INT_1,8,1,1
2024,INT,INT_1,8,2,0
2024,INT,INT_1,8,3,0
2024,INT,INT_1,8,4,1
2024,INT,INT_1,8,5,2
2024,INT,INT_1,9,1,0
2024,INT,INT_1,9,2,0
2024,INT,INT_1,9,3,0
2024,INT,INT_1,9,4,0
2024,INT,INT_1,9,5,1
2024,INT,INT_1,10,1,1
2024,INT,INT_1,10,2,1
2024,INT,INT_1,10,3,1
2024,INT,INT_1,10,4,0
2024,INT,INT_1,10,5,0
2024,INT,INT_2,1,1,0
2024,INT,INT_2,1,2,0
2024,INT,INT_2,1,3,1
2024,INT,INT_2,1,4,1
2024,INT,INT_2,1,5,4
2024,INT,INT_2,2,1,0
2024,INT,INT_2,2,2,0
2024,INT,INT_2,2,3,0
2024,INT,INT_2,2,4,0
2024,INT,INT_2,2,5,0
2024,INT,INT_2,3,1,0
2024,INT,INT_2,3,2,1
2024,INT,INT_2,3,3,1
2024,INT,INT_2,3,4,1
2024,INT,INT_2,3,5,2
2024,INT,INT_2,4,1,0
2024,INT,INT_2,4,2,0
2024,INT,INT_2,4,3,1
2024,INT,INT_2,4,4,1
2024,INT,INT_2,4,5,0
2024,INT,INT_2,5,1,0
2024,INT,INT_2,5,2,0
2024,INT,INT_2,5,3,0
2024,INT,INT_2,5,4,0
2024,INT,INT_2,5,5,0
2024,INT,INT_2,6,1,0
2024,INT,INT_2,6,2,1
2024,INT,INT_2,6,3,0
2024,INT,INT_2,6,4,1
2024,INT,INT_2,6,5,1
2024,INT,INT_2,7,1,1
2024,INT,INT_2,7,2,3
2024,INT,INT_2,7,3,2
2024,INT,INT_2,7,4,0
2024,INT,INT_2,7,5,0
2024,INT,INT_2,8,1,0
2024,INT,INT_2,8,2,1
2024,INT,INT_2,8,3,0
2024,INT,INT_2,8,4,0
2024,INT,INT_2,8,5,1
2024,INT,INT_2,9,1,1
2024,INT,INT_2,9,2,1
2024,INT,INT_2,9,3,1
2024,INT,INT_2,9,4,0
2024,INT,INT_2,9,5,0
2024,INT,INT_2,10,1,0
2024,INT,INT_2,10,2,0
2024,INT,INT_2,10,3,0
2024,INT,INT_2,10,4,1
2024,INT,INT_2,10,5,0
2024,INT,INT_3,1,1,3
2024,INT,INT_3,1,2,1
2024,INT,INT_3,1,3,6
2024,INT,INT_3,1,4,3
2024,INT,INT_3,1,5,1
2024,INT,INT_3,2,1,3
2024,INT,INT_3,2,2,8
2024,INT,INT_3,2,3,1
2024,INT,INT_3,2,4,0
2024,INT,INT_3,2,5,0
2024,INT,INT_3,3,1,4
2024,INT,INT_3,3,2,3
2024,INT,INT_3,3,3,5
2024,INT,INT_3,3,4,3
2024,INT,INT_3,3,5,2
2024,INT,INT_3,4,1,4
2024,INT,INT_3,4,2,1
2024,INT,INT_3,4,3,3
2024,INT,INT_3,4,4,3
2024,INT,INT_3,4,5,2
2024,INT,INT_3,5,1,9
2024,INT,INT_3,5,2,5
2024,INT,INT_3,5,3,5
2024,INT,INT_3,5,4,4
2024,INT,INT_3,5,5,3
2024,INT,INT_3,6,1,1
2024,INT,INT_3,6,2,1
2024,INT,INT_3,6,3,2
2024,INT,INT_3,6,4,3
2024,INT,INT_3,6,5,1
2024,INT,INT_3,7,1,3
2024,INT,INT_3,7,2,3
2024,INT,INT_3,7,3,3
2024,INT,INT_3,7,4,3
2024,INT,INT_3,7,5,1
2024,INT,INT_3,8,1,6
2024,INT,INT_3,8,2,3
2024,INT,INT_3,8,3,9
2024,INT,INT_3,8,4,0
2024,INT,INT_3,8,5,1
2024,INT,INT_3,9,1,7
2024,INT,INT_3,9,2,3
2024,INT,INT_3,9,3,3
2024,INT,INT_3,9,4,2
2024,INT,INT_3,9,5,2
2024,INT,INT_3,10,1,3
2024,INT,INT_3,10,2,3
2024,INT,INT_3,10,3,1
2024,INT,INT_3,10,4,0
2024,INT,INT_3,10,5,0
2024,BIO,BIO_1,1,1,0
2024,BIO,BIO_1,1,2,2
2024,BIO,BIO_1,1,3,0
2024,BIO,BIO_1,1,4,2
2024,BIO,BIO_1,1,5,0
2024,BIO,BIO_1,2,1,5
2024,BIO,BIO_1,2,2,2
2024,BIO,BIO_1,2,3,4
2024,BIO,BIO_1,2,4,0
2024,BIO,BIO_1,2,5,0
2024,BIO,BIO_1,3,1,1
2024,BIO,BIO_1,3,2,1
2024,BIO,BIO_1,3,3,1
2024,BIO,BIO_1,3,4,2
2024,BIO,BIO_1,3,5,0
2024,BIO,BIO_1,4,1,1
2024,BIO,BIO_1,4,2,0
2024,BIO,BIO_1,4,3,1
2024,BIO,BIO_1,4,4,0
2024,BIO,BIO_1,4,5,0
2024,BIO,BIO_1,5,1,3
2024,BIO,BIO_1,5,2,2
2024,BIO,BIO_1,5,3,0
2024,BIO,BIO_1,5,4,1
2024,BIO,BIO_1,5,5,1
2024,BIO,BIO_1,6,1,0
2024,BIO,BIO_1,6,2,1
2024,BIO,BIO_1,6,3,4
2024,BIO,BIO_1,6,4,1
2024,BIO,BIO_1,6,5,2
2024,BIO,BIO_1,7,1,1
2024,BIO,BIO_1,7,2,2
2024,BIO,BIO_1,7,3,2
2024,BIO,BIO_1,7,4,0
2024,BIO,BIO_1,7,5,2
2024,BIO,BIO_1,8,1,4
2024,BIO,BIO_1,8,2,2
2024,BIO,BIO_1,8,3,5
2024,BIO,BIO_1,8,4,2
2024,BIO,BIO_1,8,5,0
2024,BIO,BIO_1,9,1,4
2024,BIO,BIO_1,9,2,2
2024,BIO,BIO_1,9,3,4
2024,BIO,BIO_1,9,4,1
2024,BIO,BIO_1,9,5,1
2024,BIO,BIO_1,10,1,2
2024,BIO,BIO_1,10,2,5
2024,BIO,BIO_1,10,3,2
2024,BIO,BIO_1,10,4,2
2024,BIO,BIO_1,10,5,3
2024,BIO,BIO_2,1,1,0
2024,BIO,BIO_2,1,2,0
2024,BIO,BIO_2,1,3,0
2024,BIO,BIO_2,1,4,0
2024,BIO,BIO_2,1,5,0
2024,BIO,BIO_2,2,1,0
2024,BIO,BIO_2,2,2,0
2024,BIO,BIO_2,2,3,1
2024,BIO,BIO_2,2,4,0
2024,BIO,BIO_2,2,5,0
2024,BIO,BIO_2,3,1,2
2024,BIO,BIO_2,3,2,0
2024,BIO,BIO_2,3,3,0
2024,BIO,BIO_2,3,4,3
2024,BIO,BIO_2,3,5,0
2024,BIO,BIO_2,4,1,3
2024,BIO,BIO_2,4,2,0
2024,BIO,BIO_2,4,3,0
2024,BIO,BIO_2,4,4,0
2024,BIO,BIO_2,4,5,0
2024,BIO,BIO_2,5,1,1
2024,BIO,BIO_2,5,2,0
2024,BIO,BIO_2,5,3,1
2024,BIO,BIO_2,5,4,0
2024,BIO,BIO_2,5,5,0
2024,BIO,BIO_2,6,1,0
2024,BIO,BIO_2,6,2,0
2024,BIO,BIO_2,6,3,0
2024,BIO,BIO_2,6,4,0
2024,BIO,BIO_2,6,5,0
2024,BIO,BIO_2,7,1,1
2024,BIO,BIO_2,7,2,0
2024,BIO,BIO_2,7,3,0
2024,BIO,BIO_2,7,4,0
2024,BIO,BIO_2,7,5,1
2024,BIO,BIO_2,8,1,4
2024,BIO,BIO_2,8,2,1
2024,BIO,BIO_2,8,3,0
2024,BIO,BIO_2,8,4,0
2024,BIO,BIO_2,8,5,0
2024,BIO,BIO_2,9,1,1
2024,BIO,BIO_2,9,2,1
2024,BIO,BIO_2,9,3,0
2024,BIO,BIO_2,9,4,0
2024,BIO,BIO_2,9,5,0
2024,BIO,BIO_2,10,1,0
2024,BIO,BIO_2,10,2,0
2024,BIO,BIO_2,10,3,1
2024,BIO,BIO_2,10,4,0
2024,BIO,BIO_2,10,5,0
2024,BIO,BIO_3,1,1,0
2024,BIO,BIO_3,1,2,0
2024,BIO,BIO_3,1,3,0
2024,BIO,BIO_3,1,4,0
2024,BIO,BIO_3,1,5,0
2024,BIO,BIO_3,2,1,0
2024,BIO,BIO_3,2,2,0
2024,BIO,BIO_3,2,3,0
2024,BIO,BIO_3,2,4,2
2024,BIO,BIO_3,2,5,1
2024,BIO,BIO_3,3,1,1
2024,BIO,BIO_3,3,2,0
2024,BIO,BIO_3,3,3,1
2024,BIO,BIO_3,3,4,3
2024,BIO,BIO_3,3,5,4
2024,BIO,BIO_3,4,1,1
2024,BIO,BIO_3,4,2,0
2024,BIO,BIO_3,4,3,0
2024,BIO,BIO_3,4,4,1
2024,BIO,BIO_3,4,5,1
2024,BIO,BIO_3,5,1,0
2024,BIO,BIO_3,5,2,1
2024,BIO,BIO_3,5,3,1
2024,BIO,BIO_3,5,4,1
2024,BIO,BIO_3,5,5,3
2024,BIO,BIO_3,6,1,1
2024,BIO,BIO_3,6,2,1
2024,BIO,BIO_3,6,3,1
2024,BIO,BIO_3,6,4,0
2024,BIO,BIO_3,6,5,0
2024,BIO,BIO_3,7,1,1
2024,BIO,BIO_3,7,2,0
2024,BIO,BIO_3,7,3,0
2024,BIO,BIO_3,7,4,0
2024,BIO,BIO_3,7,5,0
2024,BIO,BIO_3,8,1,2
2024,BIO,BIO_3,8,2,0
2024,BIO,BIO_3,8,3,4
2024,BIO,BIO_3,8,4,1
2024,BIO,BIO_3,8,5,2
2024,BIO,BIO_3,9,1,1
2024,BIO,BIO_3,9,2,1
2024,BIO,BIO_3,9,3,0
2024,BIO,BIO_3,9,4,0
2024,BIO,BIO_3,9,5,0
2024,BIO,BIO_3,10,1,6
2024,BIO,BIO_3,10,2,4
2024,BIO,BIO_3,10,3,4
2024,BIO,BIO_3,10,4,2
2024,BIO,BIO_3,10,5,1
2024,BIO,MAS_BIO_1,1,1,8
2024,BIO,MAS_BIO_1,1,2,3
2024,BIO,MAS_BIO_1,1,3,3
2024,BIO,MAS_BIO_1,1,4,2
2024,BIO,MAS_BIO_1,1,5,4
2024,BIO,MAS_BIO_1,2,1,1
2024,BIO,MAS_BIO_1,2,2,1
2024,BIO,MAS_BIO_1,2,3,0
2024,BIO,MAS_BIO_1,2,4,0
2024,BIO,MAS_BIO_1,2,5,0
2024,BIO,MAS_BIO_1,3,1,1
2024,BIO,MAS_BIO_1,3,2,2
2024,BIO,MAS_BIO_1,3,3,0
2024,BIO,MAS_BIO_1,3,4,0
2024,BIO,MAS_BIO_1,3,5,0
2024,BIO,MAS_BIO_1,4,1,1
2024,BIO,MAS_BIO_1,4,2,0
2024,BIO,MAS_BIO_1,4,3,0
2024,BIO,MAS_BIO_1,4,4,0
2024,BIO,MAS_BIO_1,4,5,0
2024,BIO,MAS_BIO_1,5,1,0
2024,BIO,MAS_BIO_1,5,2,1
2024,BIO,MAS_BIO_1,5,3,2
2024,BIO,MAS_BIO_1,5,4,1
2024,BIO,MAS_BIO_1,5,5,0
2024,BIO,MAS_BIO_1,6,1,1
2024,BIO,MAS_BIO_1,6,2,2
2024,BIO,MAS_BIO_1,6,3,0
2024,BIO,MAS_BIO_1,6,4,0
2024,BIO,MAS_BIO_1,6,5,0
2024,BIO,MAS_BIO_1,7,1,1
2024,BIO,MAS_BIO_1,7,2,0
2024,BIO,MAS_BIO_1,7,3,0
2024,BIO,MAS_BIO_1,7,4,0
2024,BIO,MAS_BIO_1,7,5,0
2024,BIO,MAS_BIO_1,8,1,2
2024,BIO,MAS_BIO_1,8,2,1
2024,BIO,MAS_BIO_1,8,3,0
2024,BIO,MAS_BIO_1,8,4,0
2024,BIO,MAS_BIO_1,8,5,3
2024,BIO,MAS_BIO_1,9,1,0
2024,BIO,MAS_BIO_1,9,2,0
2024,BIO,MAS_BIO_1,9,3,0
2024,BIO,MAS_BIO_1,9,4,0
2024,BIO,MAS_BIO_1,9,5,0
2024,BIO,MAS_BIO_1,10,1,1
2024,BIO,MAS_BIO_1,10,2,0
2024,BIO,MAS_BIO_1,10,3,1
2024,BIO,MAS_BIO_1,10,4,1
2024,BIO,MAS_BIO_1,10,5,1
2024,INT,MAS_INT_1,1,1,0
2024,INT,MAS_INT_1,1,2,3
2024,INT,MAS_INT_1,1,3,1
2024,INT,MAS_INT_1,1,4,1
2024,INT,MAS_INT_1,1,5,0
2024,INT,MAS_INT_1,2,1,0
2024,INT,MAS_INT_1,2,2,1
2024,INT,MAS_INT_1,2,3,0
2024,INT,MAS_INT_1,2,4,0
2024,INT,MAS_INT_1,2,5,2
2024,INT,MAS_INT_1,3,1,0
2024,INT,MAS_INT_1,3,2,0
2024,INT,MAS_INT_1,3,3,1
2024,INT,MAS_INT_1,3,4,2
2024,INT,MAS_INT_1,3,5,0
2024,INT,MAS_INT_1,4,1,0
2024,INT,MAS_INT_1,4,2,0
2024,INT,MAS_INT_1,4,3,1
2024,INT,MAS_INT_1,4,4,0
2024,INT,MAS_INT_1,4,5,0
2024,INT,MAS_INT_1,5,1,0
2024,INT,MAS_INT_1,5,2,0
2024,INT,MAS_INT_1,5,3,1
2024,INT,MAS_INT_1,5,4,0
2024,INT,MAS_INT_1,5,5,0
2024,INT,MAS_INT_1,6,1,0
2024,INT,MAS_INT_1,6,2,0
2024,INT,MAS_INT_1,6,3,0
2024,INT,MAS_INT_1,6,4,1
2024,INT,MAS_INT_1,6,5,0
2024,INT,MAS_INT_1,7,1,1
2024,INT,MAS_INT_1,7,2,0
2024,INT,MAS_INT_1,7,3,0
2024,INT,MAS_INT_1,7,4,0
2024,INT,MAS_INT_1,7,5,0
2024,INT,MAS_INT_1,8,1,1
2024,INT,MAS_INT_1,8,2,0
2024,INT,MAS_INT_1,8,3,0
2024,INT,MAS_INT_1,8,4,0
2024,INT,MAS_INT_1,8,5,0
2024,INT,MAS_INT_1,9,1,0
2024,INT,MAS_INT_1,9,2,0
2024,INT,MAS_INT_1,9,3,0
2024,INT,MAS_INT_1,9,4,0
2024,INT,MAS_INT_1,9,5,0
2024,INT,MAS_INT_1,10,1,1
2024,INT,MAS_INT_1,10,2,1
2024,INT,MAS_INT_1,10,3,0
2024,INT,MAS_INT_1,10,4,0
2024,INT,MAS_INT_1,10,5,0
2024,BIO,MAS_BIO_2,1,1,7
2024,BIO,MAS_BIO_2,1,2,4
2024,BIO,MAS_BIO_2,1,3,0
2024,BIO,MAS_BIO_2,1,4,6
2024,BIO,MAS_BIO_2,1,5,6
2024,BIO,MAS_BIO_2,2,1,0
2024,BIO,MAS_BIO_2,2,2,1
2024,BIO,MAS_BIO_2,2,3,2
2024,BIO,MAS_BIO_2,2,4,0
2024,BIO,MAS_BIO_2,2,5,1
2024,BIO,MAS_BIO_2,3,1,2
2024,BIO,MAS_BIO_2,3,2,0
2024,BIO,MAS_BIO_2,3,3,0
2024,BIO,MAS_BIO_2,3,4,0
2024,BIO,MAS_BIO_2,3,5,1
2024,BIO,MAS_BIO_2,4,1,0
2024,BIO,MAS_BIO_2,4,2,3
2024,BIO,MAS_BIO_2,4,3,0
2024,BIO,MAS_BIO_2,4,4,2
2024,BIO,MAS_BIO_2,4,5,1
2024,BIO,MAS_BIO_2,5,1,0
2024,BIO,MAS_BIO_2,5,2,0
2024,BIO,MAS_BIO_2,5,3,0
2024,BIO,MAS_BIO_2,5,4,0
2024,BIO,MAS_BIO_2,5,5,2
2024,BIO,MAS_BIO_2,6,1,2
2024,BIO,MAS_BIO_2,6,2,2
2024,BIO,MAS_BIO_2,6,3,3
2024,BIO,MAS_BIO_2,6,4,0
2024,BIO,MAS_BIO_2,6,5,1
2024,BIO,MAS_BIO_2,7,1,0
2024,BIO,MAS_BIO_2,7,2,0
2024,BIO,MAS_BIO_2,7,3,0
2024,BIO,MAS_BIO_2,7,4,0
2024,BIO,MAS_BIO_2,7,5,0
2024,BIO,MAS_BIO_2,8,1,0
2024,BIO,MAS_BIO_2,8,2,0
2024,BIO,MAS_BIO_2,8,3,0
2024,BIO,MAS_BIO_2,8,4,0
2024,BIO,MAS_BIO_2,8,5,0
2024,BIO,MAS_BIO_2,9,1,0
2024,BIO,MAS_BIO_2,9,2,0
2024,BIO,MAS_BIO_2,9,3,1
2024,BIO,MAS_BIO_2,9,4,0
2024,BIO,MAS_BIO_2,9,5,1
2024,BIO,MAS_BIO_2,10,1,0
2024,BIO,MAS_BIO_2,10,2,1
2024,BIO,MAS_BIO_2,10,3,2
2024,BIO,MAS_BIO_2,10,4,0
2024,BIO,MAS_BIO_2,10,5,0
2024,INT,INT_ELE,1,1,0
2024,INT,INT_ELE,1,2,0
2024,INT,INT_ELE,1,3,0
2024,INT,INT_ELE,1,4,0
2024,INT,INT_ELE,1,5,2
2024,INT,INT_ELE,2,1,0
2024,INT,INT_ELE,2,2,4
2024,INT,INT_ELE,2,3,0
2024,INT,INT_ELE,2,4,0
2024,INT,INT_ELE,2,5,0
2024,INT,INT_ELE,3,1,0
2024,INT,INT_ELE,3,2,1
2024,INT,INT_ELE,3,3,2
2024,INT,INT_ELE,3,4,0
2024,INT,INT_ELE,3,5,0
2024,INT,INT_ELE,4,1,1
2024,INT,INT_ELE,4,2,0
2024,INT,INT_ELE,4,3,1
2024,INT,INT_ELE,4,4,1
2024,INT,INT_ELE,4,5,0
2024,INT,INT_ELE,5,1,1
2024,INT,INT_ELE,5,2,1
2024,INT,INT_ELE,5,3,0
2024,INT,INT_ELE,5,4,3
2024,INT,INT_ELE,5,5,0
2024,INT,INT_ELE,6,1,0
2024,INT,INT_ELE,6,2,1
2024,INT,INT_ELE,6,3,0
2024,INT,INT_ELE,6,4,1
2024,INT,INT_ELE,6,5,0
2024,INT,INT_ELE,7,1,1
2024,INT,INT_ELE,7,2,0
2024,INT,INT_ELE,7,3,0
2024,INT,INT_ELE,7,4,1
2024,INT,INT_ELE,7,5,3
2024,INT,INT_ELE,8,1,0
2024,INT,INT_ELE,8,2,0
2024,INT,INT_ELE,8,3,0
2024,INT,INT_ELE,8,4,0
2024,INT,INT_ELE,8,5,1
2024,INT,INT_ELE,9,1,1
2024,INT,INT_ELE,9,2,0
2024,INT,INT_ELE,9,3,0
2024,INT,INT_ELE,9,4,0
2024,INT,INT_ELE,9,5,0
2024,INT,INT_ELE,10,1,2
2024,INT,INT_ELE,10,2,0
2024,INT,INT_ELE,10,3,0
2024,INT,INT_ELE,10,4,1
2024,INT,INT_ELE,10,5,0
2024,INT,MAS_INT_2,1,1,0
2024,INT,MAS_INT_2,1,2,0
2024,INT,MAS_INT_2,1,3,0
2024,INT,MAS_INT_2,1,4,0
2024,INT,MAS_INT_2,1,5,0
2024,INT,MAS_INT_2,2,1,0
2024,INT,MAS_INT_2,2,2,0
2024,INT,MAS_INT_2,2,3,1
2024,INT,MAS_INT_2,2,4,0
2024,INT,MAS_INT_2,2,5,0
2024,INT,MAS_INT_2,3,1,0
2024,INT,MAS_INT_2,3,2,0
2024,INT,MAS_INT_2,3,3,1
2024,INT,MAS_INT_2,3,4,1
2024,INT,MAS_INT_2,3,5,0
2024,INT,MAS_INT_2,4,1,2
2024,INT,MAS_INT_2,4,2,1
2024,INT,MAS_INT_2,4,3,1
2024,INT,MAS_INT_2,4,4,1
2024,INT,MAS_INT_2,4,5,0
2024,INT,MAS_INT_2,5,1,0
2024,INT,MAS_INT_2,5,2,0
2024,INT,MAS_INT_2,5,3,1
2024,INT,MAS_INT_2,5,4,0
2024,INT,MAS_INT_2,5,5,0
2024,INT,MAS_INT_2,6,1,0
2024,INT,MAS_INT_2,6,2,0
2024,INT,MAS_INT_2,6,3,0
2024,INT,MAS_INT_2,6,4,0
2024,INT,MAS_INT_2,6,5,0
2024,INT,MAS_INT_2,7,1,2
2024,INT,MAS_INT_2,7,2,0
2024,INT,MAS_INT_2,7,3,0
2024,INT,MAS_INT_2,7,4,0
2024,INT,MAS_INT_2,7,5,0
2024,INT,MAS_INT_2,8,1,0
2024,INT,MAS_INT_2,8,2,0
2024,INT,MAS_INT_2,8,3,0
2024,INT,MAS_INT_2,8,4,1
2024,INT,MAS_INT_2,8,5,0
2024,INT,MAS_INT_2,9,1,0
2024,INT,MAS_INT_2,9,2,0
2024,INT,MAS_INT_2,9,3,1
2024,INT,MAS_INT_2,9,4,0
2024,INT,MAS_INT_2,9,5,0
2024,INT,MAS_INT_2,10,1,1
2024,INT,MAS_INT_2,10,2,0
2024,INT,MAS_INT_2,10,3,0
2024,INT,MAS_INT_2,10,4,0
2024,INT,MAS_INT_2,10,5,0
2024,BIO,MAS_BIO_3,1,1,0
2024,BIO,MAS_BIO_3,1,2,2
2024,BIO,MAS_BIO_3,1,3,2
2024,BIO,MAS_BIO_3,1,4,2
2024,BIO,MAS_BIO_3,1,5,0
2024,BIO,MAS_BIO_3,2,1,0
2024,BIO,MAS_BIO_3,2,2,0
2024,BIO,MAS_BIO_3,2,3,1
2024,BIO,MAS_BIO_3,2,4,1
2024,BIO,MAS_BIO_3,2,5,3
2024,BIO,MAS_BIO_3,3,1,1
2024,BIO,MAS_BIO_3,3,2,0
2024,BIO,MAS_BIO_3,3,3,0
2024,BIO,MAS_BIO_3,3,4,0
2024,BIO,MAS_BIO_3,3,5,1
2024,BIO,MAS_BIO_3,4,1,2
2024,BIO,MAS_BIO_3,4,2,2
2024,BIO,MAS_BIO_3,4,3,0
2024,BIO,MAS_BIO_3,4,4,1
2024,BIO,MAS_BIO_3,4,5,0
2024,BIO,MAS_BIO_3,5,1,1
2024,BIO,MAS_BIO_3,5,2,1
2024,BIO,MAS_BIO_3,5,3,1
2024,BIO,MAS_BIO_3,5,4,0
2024,BIO,MAS_BIO_3,5,5,0
2024,BIO,MAS_BIO_3,6,1,0
2024,BIO,MAS_BIO_3,6,2,0
2024,BIO,MAS_BIO_3,6,3,0
2024,BIO,MAS_BIO_3,6,4,2
2024,BIO,MAS_BIO_3,6,5,3
2024,BIO,MAS_BIO_3,7,1,2
2024,BIO,MAS_BIO_3,7,2,2
2024,BIO,MAS_BIO_3,7,3,1
2024,BIO,MAS_BIO_3,7,4,0
2024,BIO,MAS_BIO_3,7,5,1
2024,BIO,MAS_BIO_3,8,1,2
2024,BIO,MAS_BIO_3,8,2,1
2024,BIO,MAS_BIO_3,8,3,1
2024,BIO,MAS_BIO_3,8,4,1
2024,BIO,MAS_BIO_3,8,5,2
2024,BIO,MAS_BIO_3,9,1,0
2024,BIO,MAS_BIO_3,9,2,0
2024,BIO,MAS_BIO_3,9,3,0
2024,BIO,MAS_BIO_3,9,4,0
2024,BIO,MAS_BIO_3,9,5,2
2024,BIO,MAS_BIO_3,10,1,1
2024,BIO,MAS_BIO_3,10,2,2
2024,BIO,MAS_BIO_3,10,3,2
2024,BIO,MAS_BIO_3,10,4,3
2024,BIO,MAS_BIO_3,10,5,1
2024,RIN,RIN_1,1,1,0
2024,RIN,RIN_1,1,2,0
2024,RIN,RIN_1,1,3,0
2024,RIN,RIN_1,1,4,0
2024,RIN,RIN_1,1,5,0
2024,RIN,RIN_1,2,1,0
2024,RIN,RIN_1,2,2,0
2024,RIN,RIN_1,2,3,0
2024,RIN,RIN_1,2,4,0
2024,RIN,RIN_1,2,5,0
2024,RIN,RIN_1,3,1,0
2024,RIN,RIN_1,3,2,0
2024,RIN,RIN_1,3,3,0
2024,RIN,RIN_1,3,4,0
2024,RIN,RIN_1,3,5,0
2024,RIN,RIN_1,4,1,0
2024,RIN,RIN_1,4,2,0
2024,RIN,RIN_1,4,3,0
2024,RIN,RIN_1,4,4,0
2024,RIN,RIN_1,4,5,0
2024,RIN,RIN_1,5,1,0
2024,RIN,RIN_1,5,2,1
2024,RIN,RIN_1,5,3,0
2024,RIN,RIN_1,5,4,0
2024,RIN,RIN_1,5,5,0
2024,RIN,RIN_1,6,1,0
2024,RIN,RIN_1,6,2,0
2024,RIN,RIN_1,6,3,0
2024,RIN,RIN_1,6,4,0
2024,RIN,RIN_1,6,5,0
2024,RIN,RIN_1,7,1,0
2024,RIN,RIN_1,7,2,0
2024,RIN,RIN_1,7,3,0
2024,RIN,RIN_1,7,4,0
2024,RIN,RIN_1,7,5,0
2024,RIN,RIN_1,8,1,0
2024,RIN,RIN_1,8,2,0
2024,RIN,RIN_1,8,3,0
2024,RIN,RIN_1,8,4,0
2024,RIN,RIN_1,8,5,0
2024,RIN,RIN_1,9,1,2
2024,RIN,RIN_1,9,2,0
2024,RIN,RIN_1,9,3,0
2024,RIN,RIN_1,9,4,0
2024,RIN,RIN_1,9,5,0
2024,RIN,RIN_1,10,1,0
2024,RIN,RIN_1,10,2,0
2024,RIN,RIN_1,10,3,0
2024,RIN,RIN_1,10,4,0
2024,RIN,RIN_1,10,5,0
2024,RIN,RIN_2,1,1,0
2024,RIN,RIN_2,1,2,0
2024,RIN,RIN_2,1,3,0
2024,RIN,RIN_2,1,4,0
2024,RIN,RIN_2,1,5,0
2024,RIN,RIN_2,2,1,0
2024,RIN,RIN_2,2,2,0
2024,RIN,RIN_2,2,3,0
2024,RIN,RIN_2,2,4,0
2024,RIN,RIN_2,2,5,0
2024,RIN,RIN_2,3,1,0
2024,RIN,RIN_2,3,2,0
2024,RIN,RIN_2,3,3,0
2024,RIN,RIN_2,3,4,0
2024,RIN,RIN_2,3,5,0
2024,RIN,RIN_2,4,1,0
2024,RIN,RIN_2,4,2,0
2024,RIN,RIN_2,4,3,5
2024,RIN,RIN_2,4,4,4
2024,RIN,RIN_2,4,5,0
2024,RIN,RIN_2,5,1,0
2024,RIN,RIN_2,5,2,0
2024,RIN,RIN_2,5,3,0
2024,RIN,RIN_2,5,4,0
2024,RIN,RIN_2,5,5,0
2024,RIN,RIN_2,6,1,0
2024,RIN,RIN_2,6,2,0
2024,RIN,RIN_2,6,3,0
2024,RIN,RIN_2,6,4,0
2024,RIN,RIN_2,6,5,0
2024,RIN,RIN_2,7,1,0
2024,RIN,RIN_2,7,2,0
2024,RIN,RIN_2,7,3,0
2024,RIN,RIN_2,7,4,0
2024,RIN,RIN_2,7,5,0
2024,RIN,RIN_2,8,1,0
2024,RIN,RIN_2,8,2,0
2024,RIN,RIN_2,8,3,0
2024,RIN,RIN_2,8,4,0
2024,RIN,RIN_2,8,5,0
2024,RIN,RIN_2,9,1,1
2024,RIN,RIN_2,9,2,1
2024,RIN,RIN_2,9,3,0
2024,RIN,RIN_2,9,4,0
2024,RIN,RIN_2,9,5,0
2024,RIN,RIN_2,10,1,0
2024,RIN,RIN_2,10,2,0
2024,RIN,RIN_2,10,3,0
2024,RIN,RIN_2,10,4,0
2024,RIN,RIN_2,10,5,0
2024,RIN,RIN_3,1,1,1
2024,RIN,RIN_3,1,2,0
2024,RIN,RIN_3,1,3,0
2024,RIN,RIN_3,1,4,0
2024,RIN,RIN_3,1,5,0
2024,RIN,RIN_3,2,1,0
2024,RIN,RIN_3,2,2,0
2024,RIN,RIN_3,2,3,0
2024,RIN,RIN_3,2,4,0
2024,RIN,RIN_3,2,5,0
2024,RIN,RIN_3,3,1,1
2024,RIN,RIN_3,3,2,0
2024,RIN,RIN_3,3,3,0
2024,RIN,RIN_3,3,4,1
2024,RIN,RIN_3,3,5,0
2024,RIN,RIN_3,4,1,0
2024,RIN,RIN_3,4,2,0
2024,RIN,RIN_3,4,3,0
2024,RIN,RIN_3,4,4,0
2024,RIN,RIN_3,4,5,2
2024,RIN,RIN_3,5,1,0
2024,RIN,RIN_3,5,2,0
2024,RIN,RIN_3,5,3,0
2024,RIN,RIN_3,5,4,0
2024,RIN,RIN_3,5,5,0
2024,RIN,RIN_3,6,1,0
2024,RIN,RIN_3,6,2,0
2024,RIN,RIN_3,6,3,0
2024,RIN,RIN_3,6,4,0
2024,RIN,RIN_3,6,5,0
2024,RIN,RIN_3,7,1,0
2024,RIN,RIN_3,7,2,0
2024,RIN,RIN_3,7,3,0
2024,RIN,RIN_3,7,4,0
2024,RIN,RIN_3,7,5,0
2024,RIN,RIN_3,8,1,0
2024,RIN,RIN_3,8,2,0
2024,RIN,RIN_3,8,3,0
2024,RIN,RIN_3,8,4,0
2024,RIN,RIN_3,8,5,0
2024,RIN,RIN_3,9,1,0
2024,RIN,RIN_3,9,2,0
2024,RIN,RIN_3,9,3,0
2024,RIN,RIN_3,9,4,0
2024,RIN,RIN_3,9,5,0
2024,RIN,RIN_3,10,1,0
2024,RIN,RIN_3,10,2,0
2024,RIN,RIN_3,10,3,0
2024,RIN,RIN_3,10,4,0
2024,RIN,RIN_3,10,5,0
2023,RIN,RIN_1,1,1,0
2023,RIN,RIN_1,1,2,0
2023,RIN,RIN_1,1,3,0
2023,RIN,RIN_1,1,4,0
2023,RIN,RIN_1,1,5,0
2023,RIN,RIN_1,2,1,0
2023,RIN,RIN_1,2,2,0
2023,RIN,RIN_1,2,3,0
2023,RIN,RIN_1,2,4,0
2023,RIN,RIN_1,2,5,0
2023,RIN,RIN_1,3,1,0
2023,RIN,RIN_1,3,2,0
2023,RIN,RIN_1,3,3,0
2023,RIN,RIN_1,3,4,0
2023,RIN,RIN_1,3,5,0
2023,RIN,RIN_1,4,1,0
2023,RIN,RIN_1,4,2,0
2023,RIN,RIN_1,4,3,0
2023,RIN,RIN_1,4,4,0
2023,RIN,RIN_1,4,5,0
2023,RIN,RIN_1,5,1,0
2023,RIN,RIN_1,5,2,0
2023,RIN,RIN_1,5,3,0
2023,RIN,RIN_1,5,4,0
2023,RIN,RIN_1,5,5,0
2023,RIN,RIN_1,6,1,0
2023,RIN,RIN_1,6,2,0
2023,RIN,RIN_1,6,3,0
2023,RIN,RIN_1,6,4,0
2023,RIN,RIN_1,6,5,0
2023,RIN,RIN_1,7,1,0
2023,RIN,RIN_1,7,2,0
2023,RIN,RIN_1,7,3,0
2023,RIN,RIN_1,7,4,0
2023,RIN,RIN_1,7,5,0
2023,RIN,RIN_1,8,1,0
2023,RIN,RIN_1,8,2,0
2023,RIN,RIN_1,8,3,0
2023,RIN,RIN_1,8,4,0
2023,RIN,RIN_1,8,5,0
2023,RIN,RIN_1,9,1,0
2023,RIN,RIN_1,9,2,1
2023,RIN,RIN_1,9,3,0
2023,RIN,RIN_1,9,4,0
2023,RIN,RIN_1,9,5,3
2023,RIN,RIN_1,10,1,0
2023,RIN,RIN_1,10,2,0
2023,RIN,RIN_1,10,3,0
2023,RIN,RIN_1,10,4,0
2023,RIN,RIN_1,10,5,0
2023,RIN,RIN_2,1,1,0
2023,RIN,RIN_2,1,2,0
2023,RIN,RIN_2,1,3,0
2023,RIN,RIN_2,1,4,0
2023,RIN,RIN_2,1,5,0
2023,RIN,RIN_2,2,1,0
2023,RIN,RIN_2,2,2,0
2023,RIN,RIN_2,2,3,0
2023,RIN,RIN_2,2,4,0
2023,RIN,RIN_2,2,5,0
2023,RIN,RIN_2,3,1,0
2023,RIN,RIN_2,3,2,0
2023,RIN,RIN_2,3,3,0
2023,RIN,RIN_2,3,4,0
2023,RIN,RIN_2,3,5,0
2023,RIN,RIN_2,4,1,0
2023,RIN,RIN_2,4,2,0
2023,RIN,RIN_2,4,3,1
2023,RIN,RIN_2,4,4,1
2023,RIN,RIN_2,4,5,0
2023,RIN,RIN_2,5,1,0
2023,RIN,RIN_2,5,2,0
2023,RIN,RIN_2,5,3,0
2023,RIN,RIN_2,5,4,0
2023,RIN,RIN_2,5,5,0
2023,RIN,RIN_2,6,1,0
2023,RIN,RIN_2,6,2,0
2023,RIN,RIN_2,6,3,0
2023,RIN,RIN_2,6,4,0
2023,RIN,RIN_2,6,5,0
2023,RIN,RIN_2,7,1,0
2023,RIN,RIN_2,7,2,1
2023,RIN,RIN_2,7,3,0
2023,RIN,RIN_2,7,4,0
2023,RIN,RIN_2,7,5,0
2023,RIN,RIN_2,8,1,0
2023,RIN,RIN_2,8,2,1
2023,RIN,RIN_2,8,3,0
2023,RIN,RIN_2,8,4,1
2023,RIN,RIN_2,8,5,0
2023,RIN,RIN_2,9,1,0
2023,RIN,RIN_2,9,2,0
2023,RIN,RIN_2,9,3,2
2023,RIN,RIN_2,9,4,0
2023,RIN,RIN_2,9,5,0
2023,RIN,RIN_2,10,1,1
2023,RIN,RIN_2,10,2,0
2023,RIN,RIN_2,10,3,0
2023,RIN,RIN_2,10,4,0
2023,RIN,RIN_2,10,5,0
2023,RIN,RIN_3,1,1,1
2023,RIN,RIN_3,1,2,0
2023,RIN,RIN_3,1,3,0
2023,RIN,RIN_3,1,4,0
2023,RIN,RIN_3,1,5,0
2023,RIN,RIN_3,2,1,0
2023,RIN,RIN_3,2,2,0
2023,RIN,RIN_3,2,3,0
2023,RIN,RIN_3,2,4,0
2023,RIN,RIN_3,2,5,0
2023,RIN,RIN_3,3,1,0
2023,RIN,RIN_3,3,2,0
2023,RIN,RIN_3,3,3,0
2023,RIN,RIN_3,3,4,0
2023,RIN,RIN_3,3,5,0
2023,RIN,RIN_3,4,1,0
2023,RIN,RIN_3,4,2,0
2023,RIN,RIN_3,4,3,0
2023,RIN,RIN_3,4,4,0
2023,RIN,RIN_3,4,5,0
2023,RIN,RIN_3,5,1,0
2023,RIN,RIN_3,5,2,1
2023,RIN,RIN_3,5,3,0
2023,RIN,RIN_3,5,4,0
2023,RIN,RIN_3,5,5,0
2023,RIN,RIN_3,6,1,0
2023,RIN,RIN_3,6,2,0
2023,RIN,RIN_3,6,3,0
2023,RIN,RIN_3,6,4,0
2023,RIN,RIN_3,6,5,0
2023,RIN,RIN_3,7,1,0
2023,RIN,RIN_3,7,2,1
2023,RIN,RIN_3,7,3,0
2023,RIN,RIN_3,7,4,0
2023,RIN,RIN_3,7,5,0
2023,RIN,RIN_3,8,1,0
2023,RIN,RIN_3,8,2,0
2023,RIN,RIN_3,8,3,0
2023,RIN,RIN_3,8,4,0
2023,RIN,RIN_3,8,5,0
2023,RIN,RIN_3,9,1,0
2023,RIN,RIN_3,9,2,0
2023,RIN,RIN_3,9,3,1
2023,RIN,RIN_3,9,4,0
2023,RIN,RIN_3,9,5,0
2023,RIN,RIN_3,10,1,0
2023,RIN,RIN_3,10,2,0
2023,RIN,RIN_3,10,3,0
2023,RIN,RIN_3,10,4,0
2023,RIN,RIN_3,10,5,0
2023,INT,INT_1,1,1,0
2023,INT,INT_1,1,2,0
2023,INT,INT_1,1,3,0
2023,INT,INT_1,1,4,1
2023,INT,INT_1,1,5,1
2023,INT,INT_1,2,1,2
2023,INT,INT_1,2,2,1
2023,INT,INT_1,2,3,0
2023,INT,INT_1,2,4,1
2023,INT,INT_1,2,5,1
2023,INT,INT_1,3,1,1
2023,INT,INT_1,3,2,0
2023,INT,INT_1,3,3,2
2023,INT,INT_1,3,4,0
2023,INT,INT_1,3,5,1
2023,INT,INT_1,4,1,0
2023,INT,INT_1,4,2,0
2023,INT,INT_1,4,3,1
2023,INT,INT_1,4,4,1
2023,INT,INT_1,4,5,3
2023,INT,INT_1,5,1,0
2023,INT,INT_1,5,2,0
2023,INT,INT_1,5,3,0
2023,INT,INT_1,5,4,1
2023,INT,INT_1,5,5,4
2023,INT,INT_1,6,1,0
2023,INT,INT_1,6,2,0
2023,INT,INT_1,6,3,0
2023,INT,INT_1,6,4,1
2023,INT,INT_1,6,5,4
2023,INT,INT_1,7,1,0
2023,INT,INT_1,7,2,0
2023,INT,INT_1,7,3,1
2023,INT,INT_1,7,4,0
2023,INT,INT_1,7,5,0
2023,INT,INT_1,8,1,1
2023,INT,INT_1,8,2,0
2023,INT,INT_1,8,3,0
2023,INT,INT_1,8,4,2
2023,INT,INT_1,8,5,0
2023,INT,INT_1,9,1,0
2023,INT,INT_1,9,2,0
2023,INT,INT_1,9,3,0
2023,INT,INT_1,9,4,1
2023,INT,INT_1,9,5,2
2023,INT,INT_1,10,1,1
2023,INT,INT_1,10,2,0
2023,INT,INT_1,10,3,0
2023,INT,INT_1,10,4,0
2023,INT,INT_1,10,5,0
2023,INT,INT_2,1,1,2
2023,INT,INT_2,1,2,0
2023,INT,INT_2,1,3,1
2023,INT,INT_2,1,4,2
2023,INT,INT_2,1,5,1
2023,INT,INT_2,2,1,2
2023,INT,INT_2,2,2,1
2023,INT,INT_2,2,3,0
2023,INT,INT_2,2,4,1
2023,INT,INT_2,2,5,2
2023,INT,INT_2,3,1,1
2023,INT,INT_2,3,2,1
2023,INT,INT_2,3,3,2
2023,INT,INT_2,3,4,1
2023,INT,INT_2,3,5,2
2023,INT,INT_2,4,1,1
2023,INT,INT_2,4,2,0
2023,INT,INT_2,4,3,0
2023,INT,INT_2,4,4,1
2023,INT,INT_2,4,5,1
2023,INT,INT_2,5,1,2
2023,INT,INT_2,5,2,0
2023,INT,INT_2,5,3,0
2023,INT,INT_2,5,4,1
2023,INT,INT_2,5,5,0
2023,INT,INT_2,6,1,0
2023,INT,INT_2,6,2,1
2023,INT,INT_2,6,3,1
2023,INT,INT_2,6,4,0
2023,INT,INT_2,6,5,1
2023,INT,INT_2,7,1,0
2023,INT,INT_2,7,2,1
2023,INT,INT_2,7,3,0
2023,INT,INT_2,7,4,1
2023,INT,INT_2,7,5,0
2023,INT,INT_2,8,1,0
2023,INT,INT_2,8,2,1
2023,INT,INT_2,8,3,1
2023,INT,INT_2,8,4,0
2023,INT,INT_2,8,5,2
2023,INT,INT_2,9,1,0
2023,INT,INT_2,9,2,2
2023,INT,INT_2,9,3,1
2023,INT,INT_2,9,4,1
2023,INT,INT_2,9,5,1
2023,INT,INT_2,10,1,4
2023,INT,INT_2,10,2,3
2023,INT,INT_2,10,3,2
2023,INT,INT_2,10,4,2
2023,INT,INT_2,10,5,2
2023,INT,INT_3,1,1,10
2023,INT,INT_3,1,2,4
2023,INT,INT_3,1,3,7
2023,INT,INT_3,1,4,9
2023,INT,INT_3,1,5,6
2023,INT,INT_3,2,1,3
2023,INT,INT_3,2,2,1
2023,INT,INT_3,2,3,3
2023,INT,INT_3,2,4,4
2023,INT,INT_3,2,5,0
2023,INT,INT_3,3,1,3
2023,INT,INT_3,3,2,4
2023,INT,INT_3,3,3,1
2023,INT,INT_3,3,4,7
2023,INT,INT_3,3,5,6
2023,INT,INT_3,4,1,2
2023,INT,INT_3,4,2,4
2023,INT,INT_3,4,3,2
2023,INT,INT_3,4,4,3
2023,INT,INT_3,4,5,2
2023,INT,INT_3,5,1,5
2023,INT,INT_3,5,2,3
2023,INT,INT_3,5,3,11
2023,INT,INT_3,5,4,2
2023,INT,INT_3,5,5,9
2023,INT,INT_3,6,1,5
2023,INT,INT_3,6,2,6
2023,INT,INT_3,6,3,4
2023,INT,INT_3,6,4,4
2023,INT,INT_3,6,5,6
2023,INT,INT_3,7,1,2
2023,INT,INT_3,7,2,6
2023,INT,INT_3,7,3,5
2023,INT,INT_3,7,4,3
2023,INT,INT_3,7,5,13
2023,INT,INT_3,8,1,4
2023,INT,INT_3,8,2,2
2023,INT,INT_3,8,3,5
2023,INT,INT_3,8,4,4
2023,INT,INT_3,8,5,3
2023,INT,INT_3,9,1,6
2023,INT,INT_3,9,2,8
2023,INT,INT_3,9,3,4
2023,INT,INT_3,9,4,8
2023,INT,INT_3,9,5,0
2023,INT,INT_3,10,1,2
2023,INT,INT_3,10,2,7
2023,INT,INT_3,10,3,5
2023,INT,INT_3,10,4,3
2023,INT,INT_3,10,5,2
2023,BIO,BIO_1,1,1,0
2023,BIO,BIO_1,1,2,2
2023,BIO,BIO_1,1,3,1
2023,BIO,BIO_1,1,4,2
2023,BIO,BIO_1,1,5,2
2023,BIO,BIO_1,2,1,2
2023,BIO,BIO_1,2,2,0
2023,BIO,BIO_1,2,3,1
2023,BIO,BIO_1,2,4,1
2023,BIO,BIO_1,2,5,1
2023,BIO,BIO_1,3,1,3
2023,BIO,BIO_1,3,2,2
2023,BIO,BIO_1,3,3,2
2023,BIO,BIO_1,3,4,0
2023,BIO,BIO_1,3,5,1
2023,BIO,BIO_1,4,1,2
2023,BIO,BIO_1,4,2,1
2023,BIO,BIO_1,4,3,2
2023,BIO,BIO_1,4,4,1
2023,BIO,BIO_1,4,5,0
2023,BIO,BIO_1,5,1,0
2023,BIO,BIO_1,5,2,2
2023,BIO,BIO_1,5,3,0
2023,BIO,BIO_1,5,4,1
2023,BIO,BIO_1,5,5,1
2023,BIO,BIO_1,6,1,2
2023,BIO,BIO_1,6,2,0
2023,BIO,BIO_1,6,3,6
2023,BIO,BIO_1,6,4,1
2023,BIO,BIO_1,6,5,3
2023,BIO,BIO_1,7,1,2
2023,BIO,BIO_1,7,2,1
2023,BIO,BIO_1,7,3,0
2023,BIO,BIO_1,7,4,1
2023,BIO,BIO_1,7,5,0
2023,BIO,BIO_1,8,1,4
2023,BIO,BIO_1,8,2,3
2023,BIO,BIO_1,8,3,5
2023,BIO,BIO_1,8,4,2
2023,BIO,BIO_1,8,5,1
2023,BIO,BIO_1,9,1,0
2023,BIO,BIO_1,9,2,2
2023,BIO,BIO_1,9,3,1
2023,BIO,BIO_1,9,4,5
2023,BIO,BIO_1,9,5,3
2023,BIO,BIO_1,10,1,1
2023,BIO,BIO_1,10,2,3
2023,BIO,BIO_1,10,3,2
2023,BIO,BIO_1,10,4,3
2023,BIO,BIO_1,10,5,4
2023,BIO,BIO_2,1,1,0
2023,BIO,BIO_2,1,2,0
2023,BIO,BIO_2,1,3,0
2023,BIO,BIO_2,1,4,2
2023,BIO,BIO_2,1,5,1
2023,BIO,BIO_2,2,1,0
2023,BIO,BIO_2,2,2,0
2023,BIO,BIO_2,2,3,0
2023,BIO,BIO_2,2,4,2
2023,BIO,BIO_2,2,5,1
2023,BIO,BIO_2,3,1,1
2023,BIO,BIO_2,3,2,1
2023,BIO,BIO_2,3,3,0
2023,BIO,BIO_2,3,4,0
2023,BIO,BIO_2,3,5,1
2023,BIO,BIO_2,4,1,0
2023,BIO,BIO_2,4,2,4
2023,BIO,BIO_2,4,3,2
2023,BIO,BIO_2,4,4,1
2023,BIO,BIO_2,4,5,1
2023,BIO,BIO_2,5,1,6
2023,BIO,BIO_2,5,2,6
2023,BIO,BIO_2,5,3,3
2023,BIO,BIO_2,5,4,2
2023,BIO,BIO_2,5,5,1
2023,BIO,BIO_2,6,1,1
2023,BIO,BIO_2,6,2,0
2023,BIO,BIO_2,6,3,1
2023,BIO,BIO_2,6,4,1
2023,BIO,BIO_2,6,5,0
2023,BIO,BIO_2,7,1,0
2023,BIO,BIO_2,7,2,0
2023,BIO,BIO_2,7,3,0
2023,BIO,BIO_2,7,4,0
2023,BIO,BIO_2,7,5,1
2023,BIO,BIO_2,8,1,0
2023,BIO,BIO_2,8,2,0
2023,BIO,BIO_2,8,3,0
2023,BIO,BIO_2,8,4,1
2023,BIO,BIO_2,8,5,0
2023,BIO,BIO_2,9,1,0
2023,BIO,BIO_2,9,2,0
2023,BIO,BIO_2,9,3,0
2023,BIO,BIO_2,9,4,0
2023,BIO,BIO_2,9,5,1
2023,BIO,BIO_2,10,1,1
2023,BIO,BIO_2,10,2,0
2023,BIO,BIO_2,10,3,1
2023,BIO,BIO_2,10,4,0
2023,BIO,BIO_2,10,5,0
2023,BIO,BIO_3,1,1,0
2023,BIO,BIO_3,1,2,2
2023,BIO,BIO_3,1,3,1
2023,BIO,BIO_3,1,4,0
2023,BIO,BIO_3,1,5,1
2023,BIO,BIO_3,2,1,0
2023,BIO,BIO_3,2,2,0
2023,BIO,BIO_3,2,3,0
2023,BIO,BIO_3,2,4,1
2023,BIO,BIO_3,2,5,2
2023,BIO,BIO_3,3,1,0
2023,BIO,BIO_3,3,2,0
2023,BIO,BIO_3,3,3,0
2023,BIO,BIO_3,3,4,1
2023,BIO,BIO_3,3,5,0
2023,BIO,BIO_3,4,1,1
2023,BIO,BIO_3,4,2,7
2023,BIO,BIO_3,4,3,7
2023,BIO,BIO_3,4,4,5
2023,BIO,BIO_3,4,5,1
2023,BIO,BIO_3,5,1,5
2023,BIO,BIO_3,5,2,1
2023,BIO,BIO_3,5,3,1
2023,BIO,BIO_3,5,4,1
2023,BIO,BIO_3,5,5,2
2023,BIO,BIO_3,6,1,0
2023,BIO,BIO_3,6,2,1
2023,BIO,BIO_3,6,3,0
2023,BIO,BIO_3,6,4,0
2023,BIO,BIO_3,6,5,0
2023,BIO,BIO_3,7,1,0
2023,BIO,BIO_3,7,2,0
2023,BIO,BIO_3,7,3,1
2023,BIO,BIO_3,7,4,0
2023,BIO,BIO_3,7,5,1
2023,BIO,BIO_3,8,1,0
2023,BIO,BIO_3,8,2,0
2023,BIO,BIO_3,8,3,0
2023,BIO,BIO_3,8,4,0
2023,BIO,BIO_3,8,5,6
2023,BIO,BIO_3,9,1,0
2023,BIO,BIO_3,9,2,0
2023,BIO,BIO_3,9,3,1
2023,BIO,BIO_3,9,4,1
2023,BIO,BIO_3,9,5,1
2023,BIO,BIO_3,10,1,0
2023,BIO,BIO_3,10,2,0
2023,BIO,BIO_3,10,3,2
2023,BIO,BIO_3,10,4,0
2023,BIO,BIO_3,10,5,2
